datetime,value
2025-05-27 00:00:00,4.25687
2025-05-27 01:00:00,4.7008
2025-05-27 02:00:00,5.26227
2025-05-27 03:00:00,5.30399
2025-05-27 04:00:00,4.63065
2025-05-27 05:00:00,3.41976
2025-05-27 06:00:00,4.63832
2025-05-27 07:00:00,5.6042
2025-05-27 08:00:00,5.34236
2025-05-27 09:00:00,6.08332
2025-05-27 10:00:00,5.21117
2025-05-27 11:00:00,6.18127
2025-05-27 12:00:00,6.41283
2025-05-27 13:00:00,9.1006
2025-05-27 14:00:00,10.0458
2025-05-27 15:00:00,9.31885
2025-05-27 16:00:00,8.03398
2025-05-27 17:00:00,4.55458
2025-05-27 18:00:00,2.60359
2025-05-27 19:00:00,2.23725
2025-05-27 20:00:00,1.09077
2025-05-27 21:00:00,2.58804
2025-05-27 22:00:00,3.5505
2025-05-27 23:00:00,3.52056
2025-05-28 00:00:00,7.89799
2025-05-28 01:00:00,10.0179
2025-05-28 02:00:00,4.539
2025-05-28 03:00:00,4.34547
2025-05-28 04:00:00,4.37969
2025-05-28 05:00:00,3.56333
2025-05-28 06:00:00,4.61455
2025-05-28 07:00:00,6.11218
2025-05-28 08:00:00,5.01125
2025-05-28 09:00:00,5.8412
2025-05-28 10:00:00,4.11814
2025-05-28 11:00:00,3.44778
2025-05-28 12:00:00,3.85344
2025-05-28 13:00:00,3.26838
2025-05-28 14:00:00,5.16291
2025-05-28 15:00:00,3.9419
2025-05-28 16:00:00,2.49962
2025-05-28 17:00:00,2.6026
2025-05-28 18:00:00,1.93458
2025-05-28 19:00:00,1.80885
2025-05-28 20:00:00,2.50985
2025-05-28 21:00:00,4.00952
2025-05-28 22:00:00,3.48488
2025-05-28 23:00:00,4.77431
2025-05-29 00:00:00,5.02824
2025-05-29 01:00:00,6.35999
2025-05-29 02:00:00,6.84518
2025-05-29 03:00:00,7.56526
2025-05-29 04:00:00,7.31373
2025-05-29 05:00:00,9.92111
2025-05-29 06:00:00,14.2345
2025-05-29 07:00:00,13.0163
2025-05-29 08:00:00,21.9096
2025-05-29 09:00:00,21.374
2025-05-29 10:00:00,17.1538
2025-05-29 11:00:00,15.8625
2025-05-29 12:00:00,12.682
2025-05-29 13:00:00,6.52901
2025-05-29 14:00:00,5.56159
2025-05-29 15:00:00,4.70325
2025-05-29 16:00:00,6.37073
2025-05-29 17:00:00,6.91556
2025-05-29 18:00:00,6.66532
2025-05-29 19:00:00,6.06527
2025-05-29 20:00:00,4.27459
2025-05-29 21:00:00,4.8816
2025-05-29 22:00:00,3.31052
2025-05-29 23:00:00,3.29546
2025-05-30 00:00:00,3.69537
2025-05-30 01:00:00,3.76333
2025-05-30 02:00:00,4.54782
2025-05-30 03:00:00,5.58411
2025-05-30 04:00:00,5.72077
2025-05-30 05:00:00,9.264
2025-05-30 06:00:00,9.64693
2025-05-30 07:00:00,12.1081
2025-05-30 08:00:00,14.1159
2025-05-30 09:00:00,14.0768
2025-05-30 10:00:00,14.5319
2025-05-30 11:00:00,13.8843
2025-05-30 12:00:00,11.7755
2025-05-30 13:00:00,8.36222
2025-05-30 14:00:00,4.41041
2025-05-30 15:00:00,6.25533
2025-05-30 16:00:00,7.44457
2025-05-30 17:00:00,11.5253
2025-05-30 18:00:00,17.6135
2025-05-30 19:00:00,10.3473
2025-05-30 20:00:00,9.46055
2025-05-30 21:00:00,8.70363
2025-05-30 22:00:00,9.17712
2025-05-30 23:00:00,11.271
2025-05-31 00:00:00,11.1764
2025-05-31 01:00:00,11.7387
2025-05-31 02:00:00,11.6967
2025-05-31 03:00:00,11.7295
2025-05-31 04:00:00,12.0127
2025-05-31 05:00:00,11.8227
2025-05-31 06:00:00,13.1457
2025-05-31 07:00:00,18.3949
2025-05-31 08:00:00,12.7227
2025-05-31 09:00:00,4.37229
2025-05-31 10:00:00,6.36884
2025-05-31 11:00:00,3.66639
2025-05-31 12:00:00,2.56916
2025-05-31 13:00:00,3.95203
2025-05-31 14:00:00,3.55205
2025-05-31 15:00:00,4.732
2025-05-31 16:00:00,9.20511
2025-05-31 17:00:00,5.30842
2025-05-31 18:00:00,7.21473
2025-05-31 19:00:00,7.41236
2025-05-31 20:00:00,10.1658
2025-05-31 21:00:00,8.5369
2025-05-31 22:00:00,9.95234
2025-05-31 23:00:00,7.21291
2025-06-01 00:00:00,6.85185
2025-06-01 01:00:00,6.27639
2025-06-01 02:00:00,6.93549
2025-06-01 03:00:00,7.18134
2025-06-01 04:00:00,4.76814
2025-06-01 05:00:00,4.71697
2025-06-01 06:00:00,6.61921
2025-06-01 07:00:00,12.8292
2025-06-01 08:00:00,12.8902
2025-06-01 09:00:00,14.101
2025-06-01 10:00:00,11.364
2025-06-01 11:00:00,7.64822
2025-06-01 12:00:00,10.0579
2025-06-01 13:00:00,8.14217
2025-06-01 14:00:00,9.10812
2025-06-01 15:00:00,14.2357
2025-06-01 16:00:00,17.2633
2025-06-01 17:00:00,22.0647
2025-06-01 18:00:00,14.1916
2025-06-01 19:00:00,13.6311
2025-06-01 20:00:00,14.4162
2025-06-01 21:00:00,11.8924
2025-06-01 22:00:00,7.5997
2025-06-01 23:00:00,5.54109
2025-06-02 00:00:00,4.8064
2025-06-02 01:00:00,5.72807
2025-06-02 02:00:00,4.74272
2025-06-02 03:00:00,5.27674
2025-06-02 04:00:00,4.85759
2025-06-02 05:00:00,4.23558
2025-06-02 06:00:00,8.96978
2025-06-02 07:00:00,11.394
2025-06-02 08:00:00,12.0161
2025-06-02 09:00:00,9.44791
2025-06-02 10:00:00,6.76359
2025-06-02 11:00:00,7.26278
2025-06-02 12:00:00,5.09745
2025-06-02 13:00:00,2.39858
2025-06-02 14:00:00,3.95036
2025-06-02 15:00:00,2.57416
2025-06-02 16:00:00,2.22678
2025-06-02 17:00:00,2.44109
2025-06-02 18:00:00,2.06504
2025-06-02 19:00:00,2.1923
2025-06-02 20:00:00,2.25371
2025-06-02 21:00:00,3.29126
2025-06-02 22:00:00,4.0019
2025-06-02 23:00:00,3.97788
2025-06-03 00:00:00,4.31176
2025-06-03 01:00:00,3.36314
2025-06-03 02:00:00,4.33206
2025-06-03 03:00:00,3.19849
2025-06-03 04:00:00,3.39884
2025-06-03 05:00:00,5.4985
2025-06-03 06:00:00,9.01195
2025-06-03 07:00:00,12.1762
2025-06-03 08:00:00,13.6143
2025-06-03 09:00:00,10.2743
2025-06-03 10:00:00,6.59483
2025-06-03 11:00:00,4.3307
2025-06-03 12:00:00,3.74833
2025-06-03 13:00:00,4.23039
2025-06-03 14:00:00,4.76811
2025-06-03 15:00:00,3.89476
2025-06-03 16:00:00,5.53304
2025-06-03 17:00:00,6.44739
2025-06-03 18:00:00,4.46072
2025-06-03 19:00:00,5.34627
2025-06-03 20:00:00,4.00484
2025-06-03 21:00:00,3.5568
2025-06-03 22:00:00,2.86311
2025-06-03 23:00:00,2.53844
2025-06-04 00:00:00,3.8768
2025-06-04 01:00:00,5.24193
2025-06-04 02:00:00,2.82349
2025-06-04 06:00:00,5.97482
2025-06-04 07:00:00,5.4359
2025-06-04 08:00:00,4.0591
2025-06-04 09:00:00,3.82441
2025-06-04 10:00:00,5.61768
2025-06-04 11:00:00,8.91241
2025-06-04 12:00:00,9.94652
2025-06-04 13:00:00,10.8145
2025-06-04 14:00:00,11.1929
2025-06-04 15:00:00,6.165
2025-06-04 16:00:00,6.35328
2025-06-04 17:00:00,3.97585
2025-06-04 18:00:00,4.28366
2025-06-04 19:00:00,2.89508
2025-06-04 20:00:00,3.55632
2025-06-04 21:00:00,2.99298
2025-06-04 22:00:00,2.64033
2025-06-04 23:00:00,2.66323
2025-06-05 00:00:00,2.57568
2025-06-05 01:00:00,3.33136
2025-06-05 04:00:00,4.30422
2025-06-05 05:00:00,4.77717
2025-06-05 06:00:00,5.65385
2025-06-05 07:00:00,7.12093
2025-06-05 08:00:00,8.57547
2025-06-05 09:00:00,7.74041
2025-06-05 10:00:00,8.00216
2025-06-05 11:00:00,3.87777
2025-06-05 12:00:00,2.70481
2025-06-05 13:00:00,2.5396
2025-06-05 14:00:00,3.60438
2025-06-05 15:00:00,2.60651
2025-06-05 16:00:00,4.83132
2025-06-05 17:00:00,3.04602
2025-06-05 18:00:00,2.84533
2025-06-05 18:00:00,2.84533
2025-06-05 21:00:00,2.67973
2025-06-05 22:00:00,1.71314
2025-06-05 23:00:00,2.14409
2025-06-06 00:00:00,2.27179
2025-06-06 01:00:00,2.50678
2025-06-06 02:00:00,4.42766
2025-06-06 03:00:00,2.2644
2025-06-06 05:00:00,5.9399
2025-06-06 06:00:00,4.09735
2025-06-06 07:00:00,3.64864
2025-06-06 08:00:00,5.04609
2025-06-06 09:00:00,4.19308
2025-06-06 10:00:00,5.54462
2025-06-06 11:00:00,3.75196
2025-06-06 12:00:00,2.76943
2025-06-06 13:00:00,2.41967
2025-06-06 14:00:00,1.74678
2025-06-06 15:00:00,2.08864
2025-06-06 16:00:00,2.47951
2025-06-06 17:00:00,1.51371
2025-06-06 18:00:00,1.33422
2025-06-06 19:00:00,2.00017
2025-06-06 20:00:00,2.03137
2025-06-06 21:00:00,3.60329
2025-06-06 22:00:00,3.29685
2025-06-06 23:00:00,5.4726
2025-06-07 00:00:00,4.38526
2025-06-07 01:00:00,5.47267
2025-06-07 02:00:00,3.28124
2025-06-07 03:00:00,4.87982
2025-06-07 04:00:00,2.81378
2025-06-07 05:00:00,1.86725
2025-06-07 06:00:00,2.82641
2025-06-07 07:00:00,1.8671
2025-06-07 08:00:00,1.74654
2025-06-07 09:00:00,1.40023
2025-06-07 10:00:00,1.35331
2025-06-07 11:00:00,2.93613
2025-06-07 12:00:00,2.66746
2025-06-07 13:00:00,2.26234
2025-06-07 14:00:00,1.19521
2025-06-07 15:00:00,1.3194
2025-06-07 16:00:00,0.836467
2025-06-07 17:00:00,1.02294
2025-06-07 18:00:00,1.17981
2025-06-07 19:00:00,1.04922
2025-06-07 20:00:00,2.18798
2025-06-07 21:00:00,1.23912
2025-06-07 22:00:00,1.76903
2025-06-07 23:00:00,2.87911
2025-06-08 00:00:00,3.51824
2025-06-08 01:00:00,3.15553
2025-06-08 02:00:00,4.20527
2025-06-08 03:00:00,2.94463
2025-06-08 04:00:00,4.93496
2025-06-08 05:00:00,4.14932
2025-06-08 06:00:00,3.65144
2025-06-08 07:00:00,2.74301
2025-06-08 08:00:00,2.09683
2025-06-08 09:00:00,1.21807
2025-06-08 10:00:00,1.74008
2025-06-08 11:00:00,3.13491
2025-06-08 12:00:00,3.11318
2025-06-08 13:00:00,2.57136
2025-06-08 14:00:00,2.45517
2025-06-08 15:00:00,2.45411
2025-06-08 16:00:00,7.08374
2025-06-08 17:00:00,8.08904
2025-06-08 18:00:00,2.17655
2025-06-08 19:00:00,2.35229
2025-06-08 20:00:00,2.35943
2025-06-08 23:00:00,2.81937
2025-06-09 00:00:00,2.52064
2025-06-09 01:00:00,3.83372
2025-06-09 02:00:00,4.4521
2025-06-09 03:00:00,5.84682
2025-06-09 04:00:00,7.5039
2025-06-09 05:00:00,7.51517
2025-06-09 06:00:00,8.25696
2025-06-09 07:00:00,9.64938
2025-06-09 08:00:00,17.2043
2025-06-09 09:00:00,15.4315
2025-06-09 10:00:00,13.412
2025-06-09 11:00:00,11.5166
2025-06-09 12:00:00,13.9377
2025-06-09 13:00:00,18.1654
2025-06-09 14:00:00,100.733
2025-06-09 15:00:00,26.8321
2025-06-09 16:00:00,26.621
2025-06-09 17:00:00,23.0679
2025-06-09 18:00:00,22.0189
2025-06-09 19:00:00,26.4702
2025-06-09 20:00:00,24.5911
2025-06-09 21:00:00,25.9039
2025-06-10 02:00:00,25.2276
2025-06-10 03:00:00,28.8863
2025-06-10 04:00:00,29.97
2025-06-10 05:00:00,24.1966
2025-06-10 06:00:00,22.0639
2025-06-10 07:00:00,20.3013
2025-06-10 08:00:00,17.6731
2025-06-10 09:00:00,16.4895
2025-06-10 10:00:00,18.5829
2025-06-10 11:00:00,14.1734
2025-06-10 12:00:00,9.53157
2025-06-10 13:00:00,8.90201
2025-06-10 14:00:00,7.6732
2025-06-10 15:00:00,5.42373
2025-06-10 16:00:00,3.64316
2025-06-10 17:00:00,2.23898
2025-06-10 18:00:00,4.33881
2025-06-10 19:00:00,7.47102
2025-06-10 20:00:00,9.92565
2025-06-10 21:00:00,16.0649
2025-06-11 02:00:00,12.3482
2025-06-11 03:00:00,12.8867
2025-06-11 04:00:00,11.3492
2025-06-11 05:00:00,12.829
2025-06-11 06:00:00,11.8732
2025-06-11 07:00:00,11.5364
2025-06-11 08:00:00,10.6636
2025-06-11 09:00:00,6.80686
2025-06-11 10:00:00,13.1169
2025-06-11 11:00:00,8.48401
2025-06-11 12:00:00,7.97423
2025-06-11 13:00:00,9.16925
2025-06-11 14:00:00,11.3552
2025-06-11 15:00:00,9.91165
2025-06-11 16:00:00,7.96905
2025-06-11 17:00:00,9.13778
2025-06-11 18:00:00,8.88987
2025-06-11 19:00:00,8.35107
2025-06-11 20:00:00,8.87412
2025-06-11 21:00:00,7.6728
2025-06-11 22:00:00,7.5208
2025-06-11 23:00:00,7.18689
2025-06-12 00:00:00,8.40414
2025-06-12 01:00:00,8.13224
2025-06-12 02:00:00,8.22405
2025-06-12 03:00:00,8.89285
2025-06-12 04:00:00,8.20585
2025-06-12 05:00:00,8.05308
2025-06-12 06:00:00,10.6978
2025-06-12 07:00:00,12.6133
2025-06-12 08:00:00,9.65996
2025-06-12 09:00:00,10.6337
2025-06-12 10:00:00,9.42041
2025-06-12 11:00:00,11.9088
2025-06-12 12:00:00,11.019
2025-06-12 13:00:00,9.96715
2025-06-12 14:00:00,9.47879
2025-06-12 15:00:00,10.4882
2025-06-12 16:00:00,8.87951
2025-06-12 17:00:00,7.9835
2025-06-12 18:00:00,9.79575
2025-06-12 19:00:00,10.1134
2025-06-12 20:00:00,10.3615
2025-06-12 21:00:00,9.99463
2025-06-12 22:00:00,10.7187
2025-06-12 23:00:00,12.8019
2025-06-13 00:00:00,12.1801
2025-06-13 01:00:00,11.3994
2025-06-13 02:00:00,11.1653
2025-06-13 03:00:00,12.1824
2025-06-13 04:00:00,12.2875
2025-06-13 05:00:00,14.1459
2025-06-13 06:00:00,16.152
2025-06-13 07:00:00,15.1564
2025-06-13 08:00:00,14.3016
2025-06-13 09:00:00,17.2278
2025-06-13 10:00:00,17.5434
2025-06-13 11:00:00,18.7433
2025-06-13 12:00:00,19.427
2025-06-13 13:00:00,18.7641
2025-06-13 14:00:00,19.4719
2025-06-13 15:00:00,18.2923
2025-06-13 16:00:00,19.0016
2025-06-13 17:00:00,17.0042
2025-06-13 18:00:00,15.1069
2025-06-13 19:00:00,15.7256
2025-06-13 20:00:00,19.5415
2025-06-13 21:00:00,18.4959
2025-06-13 22:00:00,14.7615
2025-06-13 23:00:00,15.5196
2025-06-14 00:00:00,15.0768
2025-06-14 01:00:00,15.8829
2025-06-14 02:00:00,16.5861
2025-06-14 03:00:00,16.5229
2025-06-14 04:00:00,17.7476
2025-06-14 05:00:00,17.9729
2025-06-14 06:00:00,20.3684
2025-06-14 07:00:00,25.0571
2025-06-14 08:00:00,16.6975
2025-06-14 09:00:00,19.9924
2025-06-14 10:00:00,20.0088
2025-06-14 11:00:00,18.9492
2025-06-14 12:00:00,15.2044
2025-06-14 13:00:00,12.4454
2025-06-14 14:00:00,11.7689
2025-06-14 15:00:00,10.1979
2025-06-14 16:00:00,9.88134
2025-06-14 17:00:00,8.67443
2025-06-14 18:00:00,9.68972
2025-06-14 19:00:00,13.5963
2025-06-14 20:00:00,7.09967
2025-06-14 21:00:00,5.03886
2025-06-14 22:00:00,4.1957
2025-06-14 23:00:00,4.56153
2025-06-15 00:00:00,5.24854
2025-06-15 01:00:00,4.9687
2025-06-15 02:00:00,4.64463
2025-06-15 03:00:00,4.80308
2025-06-15 04:00:00,4.62068
2025-06-15 05:00:00,4.3679
2025-06-15 06:00:00,5.67601
2025-06-15 07:00:00,6.83964
2025-06-15 08:00:00,8.1242
2025-06-15 09:00:00,7.19816
2025-06-15 10:00:00,7.79249
2025-06-15 11:00:00,7.26949
2025-06-15 12:00:00,4.59341
2025-06-15 13:00:00,4.69039
2025-06-15 14:00:00,5.90882
2025-06-15 15:00:00,4.07487
2025-06-15 16:00:00,3.32954
2025-06-15 17:00:00,4.62726
2025-06-15 18:00:00,5.59923
2025-06-15 19:00:00,4.21345
2025-06-15 20:00:00,4.13233
2025-06-15 21:00:00,4.34334
2025-06-15 22:00:00,6.41165
2025-06-15 23:00:00,6.33148
2025-06-16 00:00:00,6.01056
2025-06-16 02:00:00,7.23517
2025-06-16 03:00:00,7.96072
2025-06-16 08:00:00,12.829
2025-06-16 09:00:00,12.2095
2025-06-16 10:00:00,12.0082
2025-06-16 11:00:00,10.7375
2025-06-16 12:00:00,7.35294
2025-06-16 15:00:00,5.55823
2025-06-16 16:00:00,3.70865
2025-06-16 17:00:00,4.09805
2025-06-16 18:00:00,5.85189
2025-06-16 19:00:00,5.1334
2025-06-16 20:00:00,5.97294
2025-06-16 21:00:00,6.05313
2025-06-16 22:00:00,7.81696
2025-06-16 23:00:00,7.34025
2025-06-17 00:00:00,10.6339
2025-06-17 01:00:00,9.47124
2025-06-17 02:00:00,9.2561
2025-06-17 03:00:00,8.52005
2025-06-17 04:00:00,9.53152
2025-06-17 05:00:00,11.1967
2025-06-17 06:00:00,14.9079
2025-06-17 07:00:00,12.3536
2025-06-17 09:00:00,11.9476
2025-06-17 10:00:00,9.65858
2025-06-17 11:00:00,9.20146
2025-06-17 12:00:00,7.61625
2025-06-17 13:00:00,6.6706
2025-06-17 14:00:00,7.84304
2025-06-17 15:00:00,10.8603
2025-06-17 16:00:00,9.40503
2025-06-17 17:00:00,7.84448
2025-06-17 18:00:00,7.69905
2025-06-17 19:00:00,6.95732
2025-06-17 20:00:00,5.56747
2025-06-17 21:00:00,5.46372
2025-06-17 22:00:00,6.31243
2025-06-17 23:00:00,6.51151
2025-06-18 00:00:00,7.48848
2025-06-18 01:00:00,7.02572
2025-06-18 02:00:00,8.86005
2025-06-18 03:00:00,8.84482
2025-06-18 04:00:00,9.22047
2025-06-18 05:00:00,11.0167
2025-06-18 06:00:00,13.1272
2025-06-18 07:00:00,12.2827
2025-06-18 08:00:00,13.4085
2025-06-18 09:00:00,9.97197
2025-06-18 10:00:00,8.67453
2025-06-18 11:00:00,8.18628
2025-06-18 12:00:00,8.75023
2025-06-18 13:00:00,8.85872
2025-06-18 14:00:00,11.5837
2025-06-18 15:00:00,11.2159
2025-06-18 16:00:00,9.72053
2025-06-18 17:00:00,8.95666
2025-06-18 18:00:00,9.00189
2025-06-18 19:00:00,10.59
2025-06-18 20:00:00,7.90807
2025-06-18 21:00:00,7.47953
2025-06-18 22:00:00,4.83493
2025-06-18 23:00:00,5.78467
2025-06-19 00:00:00,6.56528
2025-06-19 01:00:00,7.17146
2025-06-19 02:00:00,6.72791
2025-06-19 03:00:00,7.55026
2025-06-19 04:00:00,7.61347
2025-06-19 05:00:00,5.70374
2025-06-19 06:00:00,5.28485
2025-06-19 07:00:00,7.21076
2025-06-19 08:00:00,8.24501
2025-06-19 09:00:00,7.45419
2025-06-19 10:00:00,7.39986
2025-06-19 11:00:00,4.98083
2025-06-19 12:00:00,4.88875
2025-06-19 13:00:00,4.97999
2025-06-19 14:00:00,4.61237
2025-06-19 15:00:00,6.10921
2025-06-19 16:00:00,6.76851
2025-06-19 17:00:00,6.46371
2025-06-19 18:00:00,8.37533
2025-06-19 19:00:00,10.2175
2025-06-19 20:00:00,3.81471
2025-06-19 21:00:00,4.07142
2025-06-19 22:00:00,4.71683
2025-06-19 23:00:00,3.53319
2025-06-20 00:00:00,3.14123
2025-06-20 01:00:00,3.92539
2025-06-20 02:00:00,3.68773
2025-06-20 04:00:00,4.13
2025-06-20 05:00:00,4.65168
2025-06-20 06:00:00,6.51662
2025-06-20 07:00:00,4.19533
2025-06-20 08:00:00,3.95931
2025-06-20 09:00:00,3.39631
2025-06-20 10:00:00,3.60177
2025-06-20 11:00:00,3.48016
2025-06-20 12:00:00,3.28844
2025-06-20 13:00:00,2.82225
2025-06-20 14:00:00,3.53876
2025-06-20 15:00:00,3.68651
2025-06-20 16:00:00,3.88635
2025-06-20 17:00:00,3.71455
2025-06-20 18:00:00,4.77455
2025-06-20 19:00:00,9.74367
2025-06-20 20:00:00,6.21617
2025-06-20 21:00:00,6.44116
2025-06-20 22:00:00,5.45924
2025-06-20 23:00:00,6.77846
2025-06-21 00:00:00,8.5529
2025-06-21 01:00:00,6.03415
2025-06-21 02:00:00,8.24457
2025-06-21 03:00:00,6.10485
2025-06-21 04:00:00,7.55796
2025-06-21 05:00:00,9.26743
2025-06-21 06:00:00,14.0462
2025-06-21 07:00:00,8.13961
2025-06-21 08:00:00,6.17795
2025-06-21 09:00:00,6.32628
2025-06-21 10:00:00,9.29058
2025-06-21 11:00:00,5.95412
2025-06-21 12:00:00,6.24315
2025-06-21 13:00:00,5.69848
2025-06-21 14:00:00,7.32093
2025-06-21 15:00:00,8.58365
2025-06-21 16:00:00,8.77798
2025-06-21 17:00:00,8.09478
2025-06-21 18:00:00,7.6915
2025-06-21 19:00:00,7.72739
2025-06-21 20:00:00,9.08842
2025-06-21 21:00:00,15.7367
2025-06-21 22:00:00,14.4946
2025-06-21 23:00:00,11.939
2025-06-22 00:00:00,11.6064
2025-06-22 01:00:00,11.1655
2025-06-22 02:00:00,12.0849
2025-06-22 03:00:00,12.7179
2025-06-22 04:00:00,11.9126
2025-06-22 05:00:00,12.1506
2025-06-22 06:00:00,11.3332
2025-06-22 07:00:00,9.91724
2025-06-22 08:00:00,10.2442
2025-06-22 09:00:00,10.8226
2025-06-22 10:00:00,8.76483
2025-06-22 11:00:00,9.66256
2025-06-22 12:00:00,13.6534
2025-06-22 13:00:00,12.8111
2025-06-22 14:00:00,14.3967
2025-06-22 15:00:00,12.1751
2025-06-22 16:00:00,9.16351
2025-06-22 17:00:00,8.88744
2025-06-22 18:00:00,15.1808
2025-06-22 19:00:00,7.54903
2025-06-22 20:00:00,4.40347
2025-06-22 21:00:00,4.45515
2025-06-22 22:00:00,3.79429
2025-06-22 23:00:00,2.58903
2025-06-23 00:00:00,2.82842
2025-06-23 01:00:00,2.16059
2025-06-23 02:00:00,2.21991
2025-06-23 03:00:00,2.31318
2025-06-23 04:00:00,2.84668
2025-06-23 05:00:00,2.59161
2025-06-23 06:00:00,3.34091
2025-06-23 07:00:00,5.41934
2025-06-23 08:00:00,7.22096
2025-06-23 09:00:00,6.08037
2025-06-23 10:00:00,4.63461
2025-06-23 11:00:00,3.32546
2025-06-23 12:00:00,3.31605
2025-06-23 13:00:00,2.8834
2025-06-23 14:00:00,3.00859
2025-06-23 15:00:00,1.91399
2025-06-23 16:00:00,3.40952
2025-06-23 17:00:00,2.95765
2025-06-23 18:00:00,4.26194
2025-06-23 19:00:00,6.05281
2025-06-23 20:00:00,3.63147
2025-06-23 21:00:00,6.38606
2025-06-23 22:00:00,4.50071
2025-06-23 23:00:00,3.95987
2025-06-24 00:00:00,4.99485
2025-06-24 01:00:00,4.54568
2025-06-24 02:00:00,5.04704
2025-06-24 03:00:00,5.16751
2025-06-24 04:00:00,5.49167
2025-06-24 05:00:00,6.81481
2025-06-24 06:00:00,7.4286
2025-06-24 07:00:00,6.71608
2025-06-24 08:00:00,6.70616
2025-06-24 09:00:00,6.85773
2025-06-24 10:00:00,7.13637
2025-06-24 11:00:00,6.85368
2025-06-24 12:00:00,6.40232
2025-06-24 13:00:00,6.92472
2025-06-24 14:00:00,8.14749
2025-06-24 15:00:00,5.11183
2025-06-24 16:00:00,7.00722
2025-06-24 17:00:00,9.65297
2025-06-24 18:00:00,9.40399
2025-06-24 19:00:00,6.08092
2025-06-24 20:00:00,4.91034
2025-06-24 21:00:00,4.55189
2025-06-24 22:00:00,4.61324
2025-06-24 23:00:00,3.18745
2025-06-25 00:00:00,2.65072
2025-06-25 01:00:00,2.08389
2025-06-25 02:00:00,2.51905
2025-06-25 03:00:00,4.73946
2025-06-25 04:00:00,7.68056
2025-06-25 05:00:00,8.1675
2025-06-25 06:00:00,9.35479
2025-06-25 07:00:00,9.18339
2025-06-25 08:00:00,9.71694
2025-06-25 09:00:00,10.1357
2025-06-25 10:00:00,15.962
2025-06-25 11:00:00,9.58878
2025-06-25 12:00:00,6.03463
2025-06-25 13:00:00,3.55645
2025-06-25 14:00:00,3.30774
2025-06-25 15:00:00,3.60908
2025-06-25 16:00:00,3.59486
2025-06-25 17:00:00,4.30861
2025-06-25 18:00:00,6.00847
2025-06-25 19:00:00,4.83782
2025-06-25 20:00:00,6.88214
2025-06-25 21:00:00,7.40539
2025-06-25 22:00:00,7.0199
2025-06-25 23:00:00,4.90019
